,index,id,offset,xmin,ymin,xmax,ymax,label,car_direction,car_curv,lane_Two_firstPoint,lane_Two_midPoint,lane_Two_lastPoint,lane_Three_firstPoint,lane_Three_midPoint,lane_Three_lastPoint
0,1,2,-0.41304443856660167,353,915,417,952,fire hydrant,F,838.1897327147045,"588, 384","349, 555","106, 720","692, 384","826, 520","967, 672"
1,2,3,-0.38345858830830826,352,925,420,964,fire hydrant,R,926.864912697833,"589, 384","349, 555","119, 720","692, 384","814, 520","967, 672"
2,3,3,-0.38345858830830826,358,608,378,637,car,R,926.864912697833,"589, 384","349, 555","119, 720","692, 384","814, 520","967, 672"
3,4,4,-0.30577207039129256,354,940,422,980,fire hydrant,R,866.4413586198093,"593, 384","348, 555","106, 720","692, 384","775, 514","910, 684"
4,5,5,-0.5737406853899223,355,947,422,989,fire hydrant,F,1172.031398868312,"593, 384","344, 555","106, 720","639, 384","819, 549","948, 714"
5,6,5,-0.5737406853899223,358,608,378,637,car,F,1172.031398868312,"593, 384","344, 555","106, 720","639, 384","819, 549","948, 714"
6,7,6,-0.5868187420251012,350,965,426,1008,fire hydrant,F,6324.5553000986765,"594, 384","344, 555","106, 720","645, 390","820, 549","923, 720"
7,8,6,-0.5868187420251012,359,608,379,637,car,F,6324.5553000986765,"594, 384","344, 555","106, 720","645, 390","820, 549","923, 720"
8,9,7,-0.4778790349565128,351,978,428,1025,fire hydrant,F,2144.7899678402346,"589, 384","344, 555","106, 720","639, 384","813, 543","923, 720"
9,10,7,-0.4778790349565128,358,608,379,637,truck,F,2144.7899678402346,"589, 384","344, 555","106, 720","639, 384","813, 543","923, 720"
10,11,8,-0.305782739477092,352,994,432,1044,fire hydrant,F,887.4955589295141,"589, 384","344, 555","118, 720","652, 384","813, 531","923, 708"
11,12,8,-0.305782739477092,359,608,379,637,truck,F,887.4955589295141,"589, 384","344, 555","118, 720","652, 384","813, 531","923, 708"
12,13,9,-0.4161442171953521,351,1010,435,1064,fire hydrant,F,792.2193535586708,"589, 384","348, 555","119, 720","651, 384","807, 537","916, 696"
13,14,9,-0.4161442171953521,323,483,330,488,traffic light,F,792.2193535586708,"589, 384","348, 555","119, 720","651, 384","807, 537","916, 696"
14,15,9,-0.4161442171953521,523,10,681,1277,car,F,792.2193535586708,"589, 384","348, 555","119, 720","651, 384","807, 537","916, 696"
15,16,10,-0.44798595761358767,351,1037,441,1097,fire hydrant,F,882.1643403587921,"589, 384","349, 555","119, 720","651, 384","807, 537","903, 690"
16,17,11,-0.5435254410150285,350,1052,443,1114,fire hydrant,F,1811.049940118904,"589, 384","349, 555","119, 720","640, 384","806, 555","948, 720"
17,18,11,-0.5435254410150285,359,609,379,638,car,F,1811.049940118904,"589, 384","349, 555","119, 720","640, 384","806, 555","948, 720"
18,19,12,-0.5982852758363129,345,1084,448,1156,fire hydrant,F,6121.406452473318,"589, 384","350, 555","119, 720","640, 384","806, 555","948, 720"
19,20,12,-0.5982852758363129,359,611,378,639,car,F,6121.406452473318,"589, 384","350, 555","119, 720","640, 384","806, 555","948, 720"
20,21,13,-0.6037735211562387,348,1114,454,1192,fire hydrant,F,865.0367083070487,"589, 384","350, 555","119, 720","640, 384","826, 555","948, 720"
21,22,13,-0.6037735211562387,359,610,379,638,car,F,865.0367083070487,"589, 384","350, 555","119, 720","640, 384","826, 555","948, 720"
22,23,14,-0.5208517159900167,346,1158,463,1250,fire hydrant,F,1521.3522518550485,"589, 384","352, 555","119, 720","640, 384","807, 537","942, 708"
23,24,15,-0.6606691653655715,345,1197,472,1279,fire hydrant,F,1269.4816353313013,"590, 384","363, 555","119, 720","652, 384","826, 555","948, 720"
24,25,19,-0.36819957993712693,359,611,378,641,car,F,5685.647270557802,"594, 384","375, 555","164, 720","652, 384","800, 531","948, 720"
25,27,22,-0.5465998592032032,359,612,379,642,car,F,1696.963613964324,"593, 384","369, 555","139, 720","652, 384","826, 555","948, 720"
26,28,23,-0.4272686387712117,359,612,379,643,car,F,3202.93186032608,"594, 384","369, 555","139, 720","651, 384","807, 537","948, 720"
27,29,25,-0.6497990647494944,359,612,379,643,car,F,1610.6383799950042,"594, 384","363, 555","138, 720","653, 384","819, 549","923, 720"
28,30,26,-0.43612888273697764,359,612,379,643,car,F,3758.4524049798633,"596, 384","364, 555","138, 720","653, 384","800, 531","948, 720"
29,31,27,0.015577057705350181,359,612,380,643,car,F,1645.693380064169,"601, 378","370, 549","138, 720","710, 378","781, 502","935, 702"
30,32,28,-0.5593652568434953,358,612,380,643,car,F,1478.4015602492086,"601, 378","370, 549","138, 720","647, 378","819, 549","948, 720"
31,33,30,-0.23503862898774577,359,612,380,644,car,F,1728.7450888061971,"595, 384","369, 555","139, 720","652, 384","813, 520","993, 649"
32,34,31,-0.23115390910023056,359,612,380,644,car,F,1903.308703559423,"595, 384","370, 555","139, 720","646, 378","806, 514","993, 649"
33,35,32,-0.22717699588159845,359,613,379,644,car,F,2317.8932572069084,"595, 384","371, 555","144, 720","653, 384","813, 520","993, 649"
34,36,33,-0.21583807080914968,360,613,380,644,car,F,2536.7630694457657,"600, 378","383, 549","163, 720","647, 378","806, 514","993, 649"
35,37,34,-0.2057442862004621,359,613,380,644,car,F,2793.9167505102123,"601, 378","382, 549","163, 720","647, 378","807, 514","993, 649"
36,38,35,-0.17215818987364326,359,614,380,644,car,F,6363.170822364476,"595, 384","382, 555","177, 720","653, 384","813, 520","993, 649"
37,40,37,-0.186104243873428,358,614,379,646,car,F,2278.063465618062,"595, 384","377, 555","164, 720","653, 384","788, 520","993, 649"
38,41,38,-0.28295194693341985,358,615,379,647,car,F,3750.767784157993,"602, 378","382, 549","139, 720","647, 378","781, 514","993, 649"
39,42,39,-0.19976103267861564,359,615,380,647,car,F,2222.5351264188234,"602, 378","382, 549","163, 720","671, 378","781, 514","994, 649"
40,43,40,-0.20290290164980918,359,615,380,647,car,R,4741.286545612135,"602, 378","381, 549","163, 720","671, 378","781, 514","994, 649"
41,44,41,-0.21552271817605578,359,615,380,648,car,F,3411.2772485497844,"602, 378","377, 549","144, 720","648, 378","781, 514","994, 649"
42,45,41,-0.21552271817605578,312,471,323,477,traffic light,F,3411.2772485497844,"602, 378","377, 549","144, 720","648, 378","781, 514","994, 649"
43,46,42,-0.11508156810944163,359,615,380,648,car,F,2578.081320857354,"596, 384","375, 555","163, 720","653, 384","768, 502","980, 620"
44,47,43,-0.22929583840217338,359,615,380,648,car,F,1610.3404906956891,"595, 384","371, 555","144, 720","653, 384","788, 520","993, 649"
45,48,44,-0.2973476576007606,359,616,380,648,car,F,1846.6187469800439,"602, 378","380, 549","163, 720","653, 384","787, 520","993, 649"
46,49,45,-0.32461446424676055,359,616,380,649,car,F,1763.8159749032422,"602, 378","377, 549","163, 720","653, 384","793, 525","987, 672"
47,50,45,-0.32461446424676055,377,0,398,28,car,F,1763.8159749032422,"602, 378","377, 549","163, 720","653, 384","793, 525","987, 672"
48,51,46,-0.30412590250414245,358,616,379,648,car,F,2186.236063777817,"596, 384","371, 555","144, 720","652, 384","793, 525","994, 661"
49,52,47,-0.2162211792741119,358,616,380,650,car,F,1232.7994629493428,"595, 384","371, 555","138, 720","652, 384","789, 525","995, 661"
50,53,47,-0.2162211792741119,310,467,321,472,traffic light,F,1232.7994629493428,"595, 384","371, 555","138, 720","652, 384","789, 525","995, 661"
51,54,48,-0.25932119594919545,359,617,381,651,car,F,8928.508507942905,"599, 384","374, 555","150, 720","652, 384","788, 520","993, 649"
52,55,49,-0.25745551641493375,358,616,380,650,car,F,3206.8381070217993,"596, 384","374, 555","163, 720","652, 384","787, 520","993, 649"
53,57,51,-0.37442986339271994,358,616,381,651,car,F,3721.796600018673,"601, 384","377, 555","170, 720","665, 384","794, 537","935, 684"
54,58,52,-0.14730343862522283,359,617,381,652,car,F,1118.617437902522,"601, 384","383, 555","183, 720","653, 384","813, 525","995, 661"
55,59,53,-0.1945092149378679,358,617,381,653,car,F,1217.1500965309547,"601, 384","383, 555","183, 720","665, 384","793, 525","994, 661"
56,60,54,-0.35961241571898567,358,617,381,655,car,F,1698.8082365925832,"601, 384","382, 555","182, 720","652, 384","788, 525","994, 661"
57,61,55,-0.48605747454109716,358,617,381,653,car,F,4038.612076701345,"601, 384","378, 555","164, 720","652, 384","825, 555","942, 720"
58,62,56,-0.7496301785958528,357,617,382,654,car,F,9494.496050741749,"601, 384","376, 555","164, 720","659, 390","825, 555","877, 720"
59,64,58,-0.33966108601825096,357,617,381,653,car,F,3290.6211911697114,"600, 384","377, 555","164, 720","653, 384","788, 525","942, 672"
60,65,60,-0.22208969499595582,302,450,314,458,traffic light,F,1776.142739097782,"607, 378","384, 549","164, 720","659, 378","794, 520","994, 661"
61,66,61,-0.33792434755321155,356,618,381,655,truck,F,2139.6175163914395,"607, 378","384, 549","164, 720","665, 384","814, 531","935, 684"
62,70,65,-0.1691788983918359,356,619,381,657,car,F,2936.73889220754,"600, 384","382, 555","177, 720","664, 384","819, 525","994, 661"
63,72,67,-0.1807077686151262,294,492,306,501,traffic light,F,3118.2002253709943,"606, 378","396, 549","201, 720","658, 378","807, 520","994, 661"
64,73,67,-0.1807077686151262,355,619,382,659,car,F,3118.2002253709943,"606, 378","396, 549","201, 720","658, 378","807, 520","994, 661"
65,74,68,-0.1756357187455421,355,619,383,659,car,F,2099.892461807165,"606, 378","396, 549","196, 720","658, 378","807, 520","994, 661"
66,75,68,-0.1756357187455421,294,492,307,500,traffic light,F,2099.892461807165,"606, 378","396, 549","196, 720","658, 378","807, 520","994, 661"
67,76,69,-0.12972321671576598,295,436,307,443,traffic light,F,1763.34572103981,"606, 378","400, 549","196, 720","664, 384","814, 525","995, 661"
68,77,69,-0.12972321671576598,354,619,383,660,truck,F,1763.34572103981,"606, 378","400, 549","196, 720","664, 384","814, 525","995, 661"
69,78,70,-0.12321370271736676,354,620,383,659,car,F,2316.283548035551,"600, 384","394, 555","196, 720","664, 384","813, 520","995, 661"
70,79,71,-0.09585422517037803,292,432,305,441,traffic light,F,2016.2191819905652,"600, 384","389, 555","183, 720","653, 384","807, 514","993, 649"
71,80,71,-0.09585422517037803,354,620,383,660,car,F,2016.2191819905652,"600, 384","389, 555","183, 720","653, 384","807, 514","993, 649"
72,81,71,-0.09585422517037803,293,373,306,380,traffic light,F,2016.2191819905652,"600, 384","389, 555","183, 720","653, 384","807, 514","993, 649"
73,82,71,-0.09585422517037803,291,488,304,496,traffic light,F,2016.2191819905652,"600, 384","389, 555","183, 720","653, 384","807, 514","993, 649"
74,83,72,-0.12994663291026262,354,620,383,660,car,F,1638.9799003716666,"606, 378","396, 549","183, 720","646, 378","813, 520","995, 661"
75,84,73,-0.1405388442463188,354,620,384,662,car,F,1633.7329750414597,"607, 378","396, 549","183, 720","652, 378","813, 520","995, 661"
76,85,73,-0.1405388442463188,288,486,302,494,traffic light,F,1633.7329750414597,"607, 378","396, 549","183, 720","652, 378","813, 520","995, 661"
77,86,73,-0.1405388442463188,291,428,303,437,traffic light,F,1633.7329750414597,"607, 378","396, 549","183, 720","652, 378","813, 520","995, 661"
78,87,74,-0.14319036037912508,290,363,304,371,traffic light,F,1525.0435488878618,"607, 378","396, 549","183, 720","653, 378","813, 520","995, 661"
79,88,74,-0.14319036037912508,288,483,301,492,traffic light,F,1525.0435488878618,"607, 378","396, 549","183, 720","653, 378","813, 520","995, 661"
80,89,74,-0.14319036037912508,290,426,302,433,traffic light,F,1525.0435488878618,"607, 378","396, 549","183, 720","653, 378","813, 520","995, 661"
81,90,74,-0.14319036037912508,354,620,383,662,car,F,1525.0435488878618,"607, 378","396, 549","183, 720","653, 378","813, 520","995, 661"
82,91,75,-0.23942870461717716,353,621,383,664,car,F,1214.9236560243708,"606, 378","400, 549","183, 720","671, 378","812, 520","994, 661"
83,92,75,-0.23942870461717716,310,109,344,128,person,F,1214.9236560243708,"606, 378","400, 549","183, 720","671, 378","812, 520","994, 661"
84,93,76,-0.14450053555934372,288,355,302,363,traffic light,F,1526.9619649673527,"606, 378","401, 549","195, 720","647, 378","812, 520","994, 661"
85,94,76,-0.14450053555934372,353,621,384,663,car,F,1526.9619649673527,"606, 378","401, 549","195, 720","647, 378","812, 520","994, 661"
86,95,76,-0.14450053555934372,288,420,301,428,traffic light,F,1526.9619649673527,"606, 378","401, 549","195, 720","647, 378","812, 520","994, 661"
87,96,77,-0.14630903997030165,287,352,302,360,traffic light,F,1501.4958040098509,"606, 378","402, 549","196, 720","652, 378","813, 520","994, 661"
88,97,77,-0.14630903997030165,285,418,299,425,traffic light,F,1501.4958040098509,"606, 378","402, 549","196, 720","652, 378","813, 520","994, 661"
89,98,77,-0.14630903997030165,353,620,383,663,car,F,1501.4958040098509,"606, 378","402, 549","196, 720","652, 378","813, 520","994, 661"
90,99,78,-0.11648145556513166,353,621,383,665,car,F,1285.2504432324995,"603, 378","407, 549","201, 720","658, 378","812, 520","994, 661"
91,100,79,-0.11630846081767815,353,620,384,666,car,F,1175.636288083876,"603, 378","409, 549","202, 720","658, 378","812, 520","994, 661"
92,101,80,-0.6854258966374029,282,340,298,349,traffic light,F,1078.037909472825,"603, 378","422, 549","228, 720","672, 378","807, 514","993, 649"
93,102,80,-0.6854258966374029,353,620,384,666,car,F,1078.037909472825,"603, 378","422, 549","228, 720","672, 378","807, 514","993, 649"
94,103,81,,351,621,383,667,car,,,"602, 378","420, 549","228, 720",,,
95,104,81,,280,336,296,346,traffic light,,,"602, 378","420, 549","228, 720",,,
96,105,82,-0.14886372387607158,335,162,383,235,pottedplant,F,2450.2932300679167,"602, 378","414, 549","215, 720","671, 378","814, 520","994, 661"
97,106,82,-0.14886372387607158,350,621,383,668,car,F,2450.2932300679167,"602, 378","414, 549","215, 720","671, 378","814, 520","994, 661"
98,107,82,-0.14886372387607158,277,401,292,412,traffic light,F,2450.2932300679167,"602, 378","414, 549","215, 720","671, 378","814, 520","994, 661"
99,108,83,-0.337262540966908,348,622,382,669,car,F,1670.4905076755713,"601, 378","414, 549","228, 720","658, 378","813, 520","994, 661"
100,109,84,-0.1374812302356837,332,144,381,222,pottedplant,F,2416.800488313993,"601, 378","408, 549","203, 720","672, 378","813, 520","994, 661"
101,110,84,-0.1374812302356837,346,621,380,669,car,F,2416.800488313993,"601, 378","408, 549","203, 720","672, 378","813, 520","994, 661"
102,111,84,-0.1374812302356837,267,463,284,474,traffic light,F,2416.800488313993,"601, 378","408, 549","203, 720","672, 378","813, 520","994, 661"
103,112,84,-0.1374812302356837,268,394,286,404,traffic light,F,2416.800488313993,"601, 378","408, 549","203, 720","672, 378","813, 520","994, 661"
104,113,84,-0.1374812302356837,293,362,306,371,traffic light,F,2416.800488313993,"601, 378","408, 549","203, 720","672, 378","813, 520","994, 661"
105,114,85,-0.13193103603716297,345,622,380,671,car,F,2438.1732738393257,"607, 372","407, 549","203, 720","666, 372","782, 502","994, 661"
106,115,85,-0.13193103603716297,266,392,283,402,traffic light,F,2438.1732738393257,"607, 372","407, 549","203, 720","666, 372","782, 502","994, 661"
107,116,85,-0.13193103603716297,331,143,381,217,pottedplant,F,2438.1732738393257,"607, 372","407, 549","203, 720","666, 372","782, 502","994, 661"
108,117,85,-0.13193103603716297,292,361,305,370,traffic light,F,2438.1732738393257,"607, 372","407, 549","203, 720","666, 372","782, 502","994, 661"
109,118,86,-0.32752840166115677,343,621,379,670,car,F,4006.619302021245,"606, 372","406, 549","202, 720","666, 372","813, 520","994, 661"
110,119,86,-0.32752840166115677,264,387,280,398,traffic light,F,4006.619302021245,"606, 372","406, 549","202, 720","666, 372","813, 520","994, 661"
111,120,86,-0.32752840166115677,262,460,277,469,traffic light,F,4006.619302021245,"606, 372","406, 549","202, 720","666, 372","813, 520","994, 661"
112,121,86,-0.32752840166115677,328,136,379,205,pottedplant,F,4006.619302021245,"606, 372","406, 549","202, 720","666, 372","813, 520","994, 661"
113,122,86,-0.32752840166115677,290,357,302,365,traffic light,F,4006.619302021245,"606, 372","406, 549","202, 720","666, 372","813, 520","994, 661"
114,123,87,-0.216445994282564,327,125,378,202,pottedplant,F,1972.2437529738188,"602, 372","402, 549","202, 720","666, 372","813, 520","994, 661"
115,124,87,-0.216445994282564,342,622,378,671,car,F,1972.2437529738188,"602, 372","402, 549","202, 720","666, 372","813, 520","994, 661"
116,125,87,-0.216445994282564,262,384,278,394,traffic light,F,1972.2437529738188,"602, 372","402, 549","202, 720","666, 372","813, 520","994, 661"
117,126,87,-0.216445994282564,259,459,276,468,traffic light,F,1972.2437529738188,"602, 372","402, 549","202, 720","666, 372","813, 520","994, 661"
118,127,87,-0.216445994282564,265,306,280,316,traffic light,F,1972.2437529738188,"602, 372","402, 549","202, 720","666, 372","813, 520","994, 661"
119,128,88,-0.2330139678619617,341,622,377,672,car,F,2141.487028177054,"602, 372","402, 549","202, 720","666, 372","806, 514","994, 661"
120,129,88,-0.2330139678619617,259,300,278,312,traffic light,F,2141.487028177054,"602, 372","402, 549","202, 720","666, 372","806, 514","994, 661"
121,130,88,-0.2330139678619617,257,437,270,450,traffic light,F,2141.487028177054,"602, 372","402, 549","202, 720","666, 372","806, 514","994, 661"
122,131,89,-0.03713951773026347,340,623,377,674,car,F,1809.761848992131,"602, 372","402, 549","202, 720","666, 372","794, 502","929, 655"
123,132,90,-0.036790039974604054,339,623,376,675,car,F,2182.9682842625934,"602, 372","406, 549","208, 720","666, 372","794, 502","993, 661"
124,133,90,-0.036790039974604054,252,451,271,460,traffic light,F,2182.9682842625934,"602, 372","406, 549","208, 720","666, 372","794, 502","993, 661"
125,134,90,-0.036790039974604054,256,373,272,382,traffic light,F,2182.9682842625934,"602, 372","406, 549","208, 720","666, 372","794, 502","993, 661"
126,135,90,-0.036790039974604054,260,290,274,300,traffic light,F,2182.9682842625934,"602, 372","406, 549","208, 720","666, 372","794, 502","993, 661"
127,136,91,-0.08249204493356681,339,623,377,676,car,F,2875.7977733096504,"603, 372","407, 549","209, 720","666, 372","812, 508","993, 661"
128,137,91,-0.08249204493356681,250,448,269,458,traffic light,F,2875.7977733096504,"603, 372","407, 549","209, 720","666, 372","812, 508","993, 661"
129,138,91,-0.08249204493356681,255,284,272,295,traffic light,F,2875.7977733096504,"603, 372","407, 549","209, 720","666, 372","812, 508","993, 661"
130,139,91,-0.08249204493356681,256,369,271,378,traffic light,F,2875.7977733096504,"603, 372","407, 549","209, 720","666, 372","812, 508","993, 661"
131,140,91,-0.08249204493356681,324,81,380,160,pottedplant,F,2875.7977733096504,"603, 372","407, 549","209, 720","666, 372","812, 508","993, 661"
132,141,92,-0.05377133777440274,339,623,377,677,car,F,2617.5490583379747,"603, 372","409, 549","227, 720","666, 372","833, 490","948, 620"
133,142,92,-0.05377133777440274,252,276,269,286,traffic light,F,2617.5490583379747,"603, 372","409, 549","227, 720","666, 372","833, 490","948, 620"
134,143,93,0.03585761654845506,339,624,377,678,car,F,8177.144812765402,"606, 372","414, 549","227, 720","666, 372","833, 490","948, 620"
135,144,93,0.03585761654845506,252,272,269,283,traffic light,F,8177.144812765402,"606, 372","414, 549","227, 720","666, 372","833, 490","948, 620"
136,145,94,-0.06422353739800053,340,625,378,680,car,F,8441.14252453835,"607, 372","425, 549","241, 720","665, 372","826, 520","993, 661"
137,146,94,-0.06422353739800053,248,263,268,275,traffic light,F,8441.14252453835,"607, 372","425, 549","241, 720","665, 372","826, 520","993, 661"
138,150,96,-0.08849722398986125,339,625,379,681,car,F,5438.073986979451,"607, 372","421, 549","240, 720","666, 372","814, 520","993, 661"
139,151,96,-0.08849722398986125,240,433,260,443,traffic light,F,5438.073986979451,"607, 372","421, 549","240, 720","666, 372","814, 520","993, 661"
140,152,97,-0.06456954517782147,339,626,380,683,car,F,2975.682438020504,"608, 372","421, 549","240, 720","672, 378","826, 520","993, 661"
141,153,97,-0.06456954517782147,245,245,263,257,traffic light,F,2975.682438020504,"608, 372","421, 549","240, 720","672, 378","826, 520","993, 661"
142,154,97,-0.06456954517782147,238,429,259,440,traffic light,F,2975.682438020504,"608, 372","421, 549","240, 720","672, 378","826, 520","993, 661"
143,155,97,-0.06456954517782147,322,0,385,105,pottedplant,F,2975.682438020504,"608, 372","421, 549","240, 720","672, 378","826, 520","993, 661"
144,156,98,0.06242957672933383,339,627,381,687,car,F,1871.7190154080683,"608, 372","421, 549","240, 720","672, 378","794, 496","935, 608"
145,157,98,0.06242957672933383,235,425,257,436,traffic light,F,1871.7190154080683,"608, 372","421, 549","240, 720","672, 378","794, 496","935, 608"
146,158,98,0.06242957672933383,242,235,261,247,traffic light,F,1871.7190154080683,"608, 372","421, 549","240, 720","672, 378","794, 496","935, 608"
147,159,98,0.06242957672933383,288,566,299,571,traffic light,F,1871.7190154080683,"608, 372","421, 549","240, 720","672, 378","794, 496","935, 608"
148,160,98,0.06242957672933383,286,706,312,717,traffic light,F,1871.7190154080683,"608, 372","421, 549","240, 720","672, 378","794, 496","935, 608"
149,161,99,-0.02667437813398719,339,627,381,686,car,F,1985.9465352655639,"602, 378","426, 549","240, 720","671, 378","814, 520","993, 661"
150,162,99,-0.02667437813398719,233,423,254,434,traffic light,F,1985.9465352655639,"602, 378","426, 549","240, 720","671, 378","814, 520","993, 661"
151,163,99,-0.02667437813398719,288,566,300,571,traffic light,F,1985.9465352655639,"602, 378","426, 549","240, 720","671, 378","814, 520","993, 661"
152,164,99,-0.02667437813398719,326,1,388,85,pottedplant,F,1985.9465352655639,"602, 378","426, 549","240, 720","671, 378","814, 520","993, 661"
153,165,99,-0.02667437813398719,241,230,260,242,traffic light,F,1985.9465352655639,"602, 378","426, 549","240, 720","671, 378","814, 520","993, 661"
154,166,100,-0.14189799638366746,339,628,381,688,car,F,2911.355549749179,"609, 372","422, 549","228, 720","671, 378","813, 520","993, 661"
155,167,100,-0.14189799638366746,230,417,253,429,traffic light,F,2911.355549749179,"609, 372","422, 549","228, 720","671, 378","813, 520","993, 661"
156,168,100,-0.14189799638366746,327,0,388,63,pottedplant,F,2911.355549749179,"609, 372","422, 549","228, 720","671, 378","813, 520","993, 661"
157,169,100,-0.14189799638366746,288,567,300,573,traffic light,F,2911.355549749179,"609, 372","422, 549","228, 720","671, 378","813, 520","993, 661"
158,170,101,-0.10488213643876214,339,629,383,690,car,F,3320.7503828154504,"612, 372","422, 549","228, 720","665, 372","813, 520","993, 661"
159,171,101,-0.10488213643876214,228,413,250,425,traffic light,F,3320.7503828154504,"612, 372","422, 549","228, 720","665, 372","813, 520","993, 661"
160,172,101,-0.10488213643876214,325,0,390,47,pottedplant,F,3320.7503828154504,"612, 372","422, 549","228, 720","665, 372","813, 520","993, 661"
161,173,101,-0.10488213643876214,234,210,255,223,traffic light,F,3320.7503828154504,"612, 372","422, 549","228, 720","665, 372","813, 520","993, 661"
162,174,101,-0.10488213643876214,289,611,299,617,traffic light,F,3320.7503828154504,"612, 372","422, 549","228, 720","665, 372","813, 520","993, 661"
163,175,101,-0.10488213643876214,287,566,298,572,traffic light,F,3320.7503828154504,"612, 372","422, 549","228, 720","665, 372","813, 520","993, 661"
164,176,102,-0.031507750840665545,338,630,383,692,car,F,3222.238035426816,"612, 372","426, 549","239, 720","659, 378","813, 520","994, 661"
165,177,102,-0.031507750840665545,232,200,253,215,traffic light,F,3222.238035426816,"612, 372","426, 549","239, 720","659, 378","813, 520","994, 661"
166,178,102,-0.031507750840665545,288,612,299,619,traffic light,F,3222.238035426816,"612, 372","426, 549","239, 720","659, 378","813, 520","994, 661"
167,179,102,-0.031507750840665545,287,566,297,572,traffic light,F,3222.238035426816,"612, 372","426, 549","239, 720","659, 378","813, 520","994, 661"
168,180,103,-0.060432430174308945,338,629,384,692,car,F,3428.199578878557,"612, 372","426, 549","240, 720","671, 378","826, 520","994, 661"
169,181,103,-0.060432430174308945,221,405,245,417,traffic light,F,3428.199578878557,"612, 372","426, 549","240, 720","671, 378","826, 520","994, 661"
170,182,103,-0.060432430174308945,288,612,299,620,traffic light,F,3428.199578878557,"612, 372","426, 549","240, 720","671, 378","826, 520","994, 661"
171,183,104,-0.12929388226106553,338,630,384,695,car,F,3044.0270717588774,"613, 372","428, 549","240, 720","659, 378","813, 520","993, 661"
172,184,104,-0.12929388226106553,218,399,242,412,traffic light,F,3044.0270717588774,"613, 372","428, 549","240, 720","659, 378","813, 520","993, 661"
173,185,104,-0.12929388226106553,287,612,297,620,traffic light,F,3044.0270717588774,"613, 372","428, 549","240, 720","659, 378","813, 520","993, 661"
174,186,105,-0.25963656130350765,338,631,385,697,car,F,5884.867900302831,"613, 372","429, 549","241, 720","664, 372","846, 543","967, 720"
175,187,105,-0.25963656130350765,217,396,241,409,traffic light,F,5884.867900302831,"613, 372","429, 549","241, 720","664, 372","846, 543","967, 720"
176,188,105,-0.25963656130350765,222,175,246,190,traffic light,F,5884.867900302831,"613, 372","429, 549","241, 720","664, 372","846, 543","967, 720"
177,189,105,-0.25963656130350765,287,613,298,620,traffic light,F,5884.867900302831,"613, 372","429, 549","241, 720","664, 372","846, 543","967, 720"
178,190,106,-0.17999853244884034,212,390,238,403,traffic light,F,4437.373953514159,"614, 372","434, 549","259, 720","665, 372","839, 537","987, 714"
179,191,106,-0.17999853244884034,338,631,387,698,car,F,4437.373953514159,"614, 372","434, 549","259, 720","665, 372","839, 537","987, 714"
180,192,106,-0.17999853244884034,220,163,244,178,traffic light,F,4437.373953514159,"614, 372","434, 549","259, 720","665, 372","839, 537","987, 714"
181,193,106,-0.17999853244884034,214,363,234,382,traffic light,F,4437.373953514159,"614, 372","434, 549","259, 720","665, 372","839, 537","987, 714"
182,194,106,-0.17999853244884034,286,614,298,621,traffic light,F,4437.373953514159,"614, 372","434, 549","259, 720","665, 372","839, 537","987, 714"
183,195,106,-0.17999853244884034,294,766,309,777,traffic light,F,4437.373953514159,"614, 372","434, 549","259, 720","665, 372","839, 537","987, 714"
184,196,107,-0.02139763851151757,338,631,388,698,car,F,5350.355816905414,"614, 372","440, 549","260, 720","665, 372","825, 520","994, 661"
185,197,107,-0.02139763851151757,209,386,235,398,traffic light,F,5350.355816905414,"614, 372","440, 549","260, 720","665, 372","825, 520","994, 661"
186,198,107,-0.02139763851151757,213,271,239,286,traffic light,F,5350.355816905414,"614, 372","440, 549","260, 720","665, 372","825, 520","994, 661"
187,199,107,-0.02139763851151757,220,152,241,168,traffic light,F,5350.355816905414,"614, 372","440, 549","260, 720","665, 372","825, 520","994, 661"
188,205,109,0.16805982211100287,337,631,388,702,car,F,8297.519900622372,"613, 372","440, 549","260, 720","666, 372","787, 490","994, 602"
189,206,109,0.16805982211100287,202,251,229,266,traffic light,F,8297.519900622372,"613, 372","440, 549","260, 720","666, 372","787, 490","994, 602"
190,207,109,0.16805982211100287,199,371,227,385,traffic light,F,8297.519900622372,"613, 372","440, 549","260, 720","666, 372","787, 490","994, 602"
191,208,109,0.16805982211100287,205,123,230,142,traffic light,F,8297.519900622372,"613, 372","440, 549","260, 720","666, 372","787, 490","994, 602"
192,209,109,0.16805982211100287,283,614,296,621,traffic light,F,8297.519900622372,"613, 372","440, 549","260, 720","666, 372","787, 490","994, 602"
193,210,110,0.1768134609235027,193,363,222,376,traffic light,F,4941.741227605419,"612, 372","435, 549","260, 720","671, 378","787, 490","981, 596"
194,211,110,0.1768134609235027,195,236,223,253,traffic light,F,4941.741227605419,"612, 372","435, 549","260, 720","671, 378","787, 490","981, 596"
195,212,110,0.1768134609235027,198,104,224,123,traffic light,F,4941.741227605419,"612, 372","435, 549","260, 720","671, 378","787, 490","981, 596"
196,213,110,0.1768134609235027,282,613,295,620,traffic light,F,4941.741227605419,"612, 372","435, 549","260, 720","671, 378","787, 490","981, 596"
197,214,110,0.1768134609235027,337,630,388,701,car,F,4941.741227605419,"612, 372","435, 549","260, 720","671, 378","787, 490","981, 596"
198,215,110,0.1768134609235027,279,563,292,571,traffic light,F,4941.741227605419,"612, 372","435, 549","260, 720","671, 378","787, 490","981, 596"
199,216,110,0.1768134609235027,291,774,307,786,traffic light,F,4941.741227605419,"612, 372","435, 549","260, 720","671, 378","787, 490","981, 596"
200,217,111,0.11471935162413478,337,629,390,702,car,F,4000.4665248156707,"609, 372","434, 549","260, 720","671, 378","800, 502","903, 643"
201,218,111,0.11471935162413478,190,224,220,241,traffic light,F,4000.4665248156707,"609, 372","434, 549","260, 720","671, 378","800, 502","903, 643"
202,219,111,0.11471935162413478,189,353,218,367,traffic light,F,4000.4665248156707,"609, 372","434, 549","260, 720","671, 378","800, 502","903, 643"
203,220,111,0.11471935162413478,195,88,220,107,traffic light,F,4000.4665248156707,"609, 372","434, 549","260, 720","671, 378","800, 502","903, 643"
204,221,111,0.11471935162413478,279,562,292,569,traffic light,F,4000.4665248156707,"609, 372","434, 549","260, 720","671, 378","800, 502","903, 643"
205,222,112,-0.0957867208365467,336,627,392,702,car,F,2795.174876587837,"609, 372","429, 549","242, 720","653, 378","768, 496","980, 596"
206,223,112,-0.0957867208365467,184,205,214,223,traffic light,F,2795.174876587837,"609, 372","429, 549","242, 720","653, 378","768, 496","980, 596"
207,224,112,-0.0957867208365467,182,341,212,356,traffic light,F,2795.174876587837,"609, 372","429, 549","242, 720","653, 378","768, 496","980, 596"
208,225,112,-0.0957867208365467,280,611,293,618,traffic light,F,2795.174876587837,"609, 372","429, 549","242, 720","653, 378","768, 496","980, 596"
209,226,112,-0.0957867208365467,287,782,302,792,traffic light,F,2795.174876587837,"609, 372","429, 549","242, 720","653, 378","768, 496","980, 596"
210,227,112,-0.0957867208365467,184,60,215,82,traffic light,F,2795.174876587837,"609, 372","429, 549","242, 720","653, 378","768, 496","980, 596"
211,239,115,-0.06441223005703162,335,627,394,707,car,F,7723.2399389437305,"606, 378","429, 549","242, 720","658, 378","826, 520","994, 661"
212,240,115,-0.06441223005703162,170,163,202,184,traffic light,F,7723.2399389437305,"606, 378","429, 549","242, 720","658, 378","826, 520","994, 661"
213,241,115,-0.06441223005703162,277,611,291,618,traffic light,F,7723.2399389437305,"606, 378","429, 549","242, 720","658, 378","826, 520","994, 661"
214,242,115,-0.06441223005703162,167,313,201,330,traffic light,F,7723.2399389437305,"606, 378","429, 549","242, 720","658, 378","826, 520","994, 661"
215,243,115,-0.06441223005703162,256,244,271,252,traffic light,F,7723.2399389437305,"606, 378","429, 549","242, 720","658, 378","826, 520","994, 661"
216,244,115,-0.06441223005703162,172,4,204,29,traffic light,F,7723.2399389437305,"606, 378","429, 549","242, 720","658, 378","826, 520","994, 661"
217,245,115,-0.06441223005703162,275,558,289,565,traffic light,F,7723.2399389437305,"606, 378","429, 549","242, 720","658, 378","826, 520","994, 661"
218,246,116,0.014245567091252428,334,628,395,709,car,F,3833.981363178814,"606, 378","429, 549","242, 720","659, 384","826, 520","994, 661"
219,247,116,0.014245567091252428,163,146,197,168,traffic light,F,3833.981363178814,"606, 378","429, 549","242, 720","659, 384","826, 520","994, 661"
220,248,116,0.014245567091252428,159,301,194,320,traffic light,F,3833.981363178814,"606, 378","429, 549","242, 720","659, 384","826, 520","994, 661"
221,249,116,0.014245567091252428,277,611,290,618,traffic light,F,3833.981363178814,"606, 378","429, 549","242, 720","659, 384","826, 520","994, 661"
222,250,116,0.014245567091252428,274,557,287,564,traffic light,F,3833.981363178814,"606, 378","429, 549","242, 720","659, 384","826, 520","994, 661"
223,251,117,-0.04275724861300665,334,628,397,711,car,F,5150.470914918857,"599, 384","422, 555","242, 720","659, 384","827, 520","993, 661"
224,252,117,-0.04275724861300665,158,131,191,154,traffic light,F,5150.470914918857,"599, 384","422, 555","242, 720","659, 384","827, 520","993, 661"
225,253,117,-0.04275724861300665,154,291,189,310,traffic light,F,5150.470914918857,"599, 384","422, 555","242, 720","659, 384","827, 520","993, 661"
226,254,117,-0.04275724861300665,273,557,286,564,traffic light,F,5150.470914918857,"599, 384","422, 555","242, 720","659, 384","827, 520","993, 661"
227,255,117,-0.04275724861300665,277,612,289,619,traffic light,F,5150.470914918857,"599, 384","422, 555","242, 720","659, 384","827, 520","993, 661"
228,262,119,,333,626,399,712,car,,,"596, 384","420, 555","241, 720",,,
229,263,119,,137,90,176,115,traffic light,,,"596, 384","420, 555","241, 720",,,
230,264,119,,136,264,175,285,traffic light,,,"596, 384","420, 555","241, 720",,,
231,265,119,,273,611,287,618,traffic light,,,"596, 384","420, 555","241, 720",,,
232,266,119,,270,553,283,562,traffic light,,,"596, 384","420, 555","241, 720",,,
233,267,119,,245,215,262,223,traffic light,,,"596, 384","420, 555","241, 720",,,
234,268,119,,138,219,166,246,traffic light,,,"596, 384","420, 555","241, 720",,,
235,269,120,-0.03879253372902783,333,625,400,713,car,F,6727.383760381522,"595, 384","419, 555","241, 720","665, 384","800, 502","993, 649"
236,270,120,-0.03879253372902783,244,204,261,214,traffic light,F,6727.383760381522,"595, 384","419, 555","241, 720","665, 384","800, 502","993, 649"
237,271,120,-0.03879253372902783,124,241,166,263,traffic light,F,6727.383760381522,"595, 384","419, 555","241, 720","665, 384","800, 502","993, 649"
238,272,120,-0.03879253372902783,128,57,165,84,traffic light,F,6727.383760381522,"595, 384","419, 555","241, 720","665, 384","800, 502","993, 649"
239,273,120,-0.03879253372902783,272,609,286,616,traffic light,F,6727.383760381522,"595, 384","419, 555","241, 720","665, 384","800, 502","993, 649"
240,274,120,-0.03879253372902783,126,195,156,223,traffic light,F,6727.383760381522,"595, 384","419, 555","241, 720","665, 384","800, 502","993, 649"
241,275,121,0.03668778431992095,332,625,401,715,car,F,1770.7060471546392,"595, 384","420, 555","241, 720","665, 384","807, 502","993, 649"
242,276,121,0.03668778431992095,118,35,161,63,traffic light,F,1770.7060471546392,"595, 384","420, 555","241, 720","665, 384","807, 502","993, 649"
243,277,121,0.03668778431992095,117,227,160,250,traffic light,F,1770.7060471546392,"595, 384","420, 555","241, 720","665, 384","807, 502","993, 649"
244,278,121,0.03668778431992095,243,196,262,205,traffic light,F,1770.7060471546392,"595, 384","420, 555","241, 720","665, 384","807, 502","993, 649"
245,279,121,0.03668778431992095,268,551,283,557,traffic light,F,1770.7060471546392,"595, 384","420, 555","241, 720","665, 384","807, 502","993, 649"
246,280,121,0.03668778431992095,274,815,290,826,traffic light,F,1770.7060471546392,"595, 384","420, 555","241, 720","665, 384","807, 502","993, 649"
247,281,122,-0.032112058930979605,332,626,404,719,car,F,2964.318309740499,"595, 384","422, 555","241, 720","660, 384","832, 520","994, 661"
248,282,122,-0.032112058930979605,107,208,152,232,traffic light,F,2964.318309740499,"595, 384","422, 555","241, 720","660, 384","832, 520","994, 661"
249,283,122,-0.032112058930979605,111,6,153,36,traffic light,F,2964.318309740499,"595, 384","422, 555","241, 720","660, 384","832, 520","994, 661"
250,284,122,-0.032112058930979605,267,550,282,557,traffic light,F,2964.318309740499,"595, 384","422, 555","241, 720","660, 384","832, 520","994, 661"
251,285,123,,332,626,405,721,car,,,"595, 384","426, 555","260, 720",,,
252,286,123,,239,181,259,191,traffic light,,,"595, 384","426, 555","260, 720",,,
253,287,123,,99,193,145,218,traffic light,,,"595, 384","426, 555","260, 720",,,
254,288,123,,104,0,146,14,traffic light,,,"595, 384","426, 555","260, 720",,,
255,289,123,,231,771,251,780,traffic light,,,"595, 384","426, 555","260, 720",,,
256,290,123,,266,549,281,557,traffic light,,,"595, 384","426, 555","260, 720",,,
257,291,123,,270,609,284,616,traffic light,,,"595, 384","426, 555","260, 720",,,
258,292,124,,332,626,407,725,car,,,"596, 384","423, 555","260, 720",,,
259,293,124,,238,171,258,181,traffic light,,,"596, 384","423, 555","260, 720",,,
260,294,124,,82,165,133,194,traffic light,,,"596, 384","423, 555","260, 720",,,
261,295,124,,265,549,280,557,traffic light,,,"596, 384","423, 555","260, 720",,,
262,296,124,,268,609,282,616,traffic light,,,"596, 384","423, 555","260, 720",,,
263,310,127,-0.040520120798395086,331,625,410,731,car,R,5270.660028806525,"600, 384","422, 555","241, 720","691, 384","827, 520","994, 661"
264,311,127,-0.040520120798395086,40,97,99,131,traffic light,R,5270.660028806525,"600, 384","422, 555","241, 720","691, 384","827, 520","994, 661"
265,312,127,-0.040520120798395086,229,146,250,158,traffic light,R,5270.660028806525,"600, 384","422, 555","241, 720","691, 384","827, 520","994, 661"
266,313,127,-0.040520120798395086,221,785,243,794,traffic light,R,5270.660028806525,"600, 384","422, 555","241, 720","691, 384","827, 520","994, 661"
267,314,127,-0.040520120798395086,261,547,277,554,traffic light,R,5270.660028806525,"600, 384","422, 555","241, 720","691, 384","827, 520","994, 661"
268,315,127,-0.040520120798395086,265,609,280,616,traffic light,R,5270.660028806525,"600, 384","422, 555","241, 720","691, 384","827, 520","994, 661"
269,316,127,-0.040520120798395086,262,847,288,861,traffic light,R,5270.660028806525,"600, 384","422, 555","241, 720","691, 384","827, 520","994, 661"
270,317,127,-0.040520120798395086,264,835,287,845,traffic light,R,5270.660028806525,"600, 384","422, 555","241, 720","691, 384","827, 520","994, 661"
271,325,129,0.12710979902331523,329,620,413,732,car,R,2938.141167084251,"588, 390","408, 555","234, 720","697, 390","807, 502","999, 608"
272,326,129,0.12710979902331523,15,29,64,68,traffic light,R,2938.141167084251,"588, 390","408, 555","234, 720","697, 390","807, 502","999, 608"
273,327,129,0.12710979902331523,259,539,274,548,traffic light,R,2938.141167084251,"588, 390","408, 555","234, 720","697, 390","807, 502","999, 608"
274,328,129,0.12710979902331523,258,854,285,869,traffic light,R,2938.141167084251,"588, 390","408, 555","234, 720","697, 390","807, 502","999, 608"
275,329,129,0.12710979902331523,260,842,286,854,traffic light,R,2938.141167084251,"588, 390","408, 555","234, 720","697, 390","807, 502","999, 608"
276,330,129,0.12710979902331523,218,789,240,798,traffic light,R,2938.141167084251,"588, 390","408, 555","234, 720","697, 390","807, 502","999, 608"
277,337,131,0.10220581432402508,328,613,418,731,car,F,3551.50075276023,"575, 396","390, 561","209, 720","691, 396","794, 502","993, 608"
278,338,131,0.10220581432402508,254,533,270,540,traffic light,F,3551.50075276023,"575, 396","390, 561","209, 720","691, 396","794, 502","993, 608"
279,339,131,0.10220581432402508,208,85,232,100,traffic light,F,3551.50075276023,"575, 396","390, 561","209, 720","691, 396","794, 502","993, 608"
280,340,131,0.10220581432402508,212,790,235,799,traffic light,F,3551.50075276023,"575, 396","390, 561","209, 720","691, 396","794, 502","993, 608"
281,341,131,0.10220581432402508,256,850,284,862,traffic light,F,3551.50075276023,"575, 396","390, 561","209, 720","691, 396","794, 502","993, 608"
282,342,131,0.10220581432402508,259,600,274,609,traffic light,F,3551.50075276023,"575, 396","390, 561","209, 720","691, 396","794, 502","993, 608"
283,343,131,0.10220581432402508,254,867,282,880,traffic light,F,3551.50075276023,"575, 396","390, 561","209, 720","691, 396","794, 502","993, 608"
284,344,132,0.07925089479374042,328,610,420,734,car,F,3709.471301756377,"564, 402","389, 561","208, 720","691, 396","794, 502","993, 608"
285,345,132,0.07925089479374042,252,530,269,538,traffic light,F,3709.471301756377,"564, 402","389, 561","208, 720","691, 396","794, 502","993, 608"
286,346,132,0.07925089479374042,205,68,230,83,traffic light,F,3709.471301756377,"564, 402","389, 561","208, 720","691, 396","794, 502","993, 608"
287,347,132,0.07925089479374042,257,597,273,605,traffic light,F,3709.471301756377,"564, 402","389, 561","208, 720","691, 396","794, 502","993, 608"
288,348,132,0.07925089479374042,209,792,232,802,traffic light,F,3709.471301756377,"564, 402","389, 561","208, 720","691, 396","794, 502","993, 608"
289,349,132,0.07925089479374042,250,870,282,886,traffic light,F,3709.471301756377,"564, 402","389, 561","208, 720","691, 396","794, 502","993, 608"
290,350,133,0.24467383667670428,328,609,423,736,car,F,1325.4645730896327,"568, 402","389, 561","208, 720","781, 396","954, 449","993, 608"
291,351,133,0.24467383667670428,207,794,231,804,traffic light,F,1325.4645730896327,"568, 402","389, 561","208, 720","781, 396","954, 449","993, 608"
292,352,133,0.24467383667670428,256,596,272,604,traffic light,F,1325.4645730896327,"568, 402","389, 561","208, 720","781, 396","954, 449","993, 608"
293,353,133,0.24467383667670428,247,877,279,892,traffic light,F,1325.4645730896327,"568, 402","389, 561","208, 720","781, 396","954, 449","993, 608"
294,354,133,0.24467383667670428,251,861,279,874,traffic light,F,1325.4645730896327,"568, 402","389, 561","208, 720","781, 396","954, 449","993, 608"
295,355,134,,327,607,425,738,car,,,"563, 408","377, 567","203, 720",,,
296,356,134,,202,40,229,55,traffic light,,,"563, 408","377, 567","203, 720",,,
297,357,134,,255,595,272,604,traffic light,,,"563, 408","377, 567","203, 720",,,
298,358,134,,246,868,276,880,traffic light,,,"563, 408","377, 567","203, 720",,,
299,359,134,,250,525,267,534,traffic light,,,"563, 408","377, 567","203, 720",,,
300,360,134,,203,798,227,808,traffic light,,,"563, 408","377, 567","203, 720",,,
301,361,134,,242,884,275,901,traffic light,,,"563, 408","377, 567","203, 720",,,
302,362,135,,326,606,426,741,car,,,"563, 408","376, 567","202, 720",,,
303,363,135,,198,800,224,811,traffic light,,,"563, 408","376, 567","202, 720",,,
304,364,135,,199,28,226,45,traffic light,,,"563, 408","376, 567","202, 720",,,
305,365,135,,249,523,266,532,traffic light,,,"563, 408","376, 567","202, 720",,,
306,366,135,,253,595,270,603,traffic light,,,"563, 408","376, 567","202, 720",,,
307,367,135,,253,664,271,676,traffic light,,,"563, 408","376, 567","202, 720",,,
308,368,135,,243,874,273,888,traffic light,,,"563, 408","376, 567","202, 720",,,
309,369,135,,239,893,272,910,traffic light,,,"563, 408","376, 567","202, 720",,,
310,370,136,-0.5272700603381979,324,605,428,744,car,F,1483.1174582909234,"569, 408","370, 567","183, 720","806, 402","794, 502","994, 608"
311,371,136,-0.5272700603381979,193,11,221,29,traffic light,F,1483.1174582909234,"569, 408","370, 567","183, 720","806, 402","794, 502","994, 608"
312,372,136,-0.5272700603381979,251,595,268,602,traffic light,F,1483.1174582909234,"569, 408","370, 567","183, 720","806, 402","794, 502","994, 608"
313,373,136,-0.5272700603381979,195,805,220,816,traffic light,F,1483.1174582909234,"569, 408","370, 567","183, 720","806, 402","794, 502","994, 608"
314,374,136,-0.5272700603381979,247,521,265,530,traffic light,F,1483.1174582909234,"569, 408","370, 567","183, 720","806, 402","794, 502","994, 608"
315,375,136,-0.5272700603381979,239,883,270,898,traffic light,F,1483.1174582909234,"569, 408","370, 567","183, 720","806, 402","794, 502","994, 608"
316,376,136,-0.5272700603381979,234,903,270,920,traffic light,F,1483.1174582909234,"569, 408","370, 567","183, 720","806, 402","794, 502","994, 608"
317,377,136,-0.5272700603381979,252,663,271,679,traffic light,F,1483.1174582909234,"569, 408","370, 567","183, 720","806, 402","794, 502","994, 608"
318,378,137,,323,603,430,746,car,,,"569, 408","376, 567","208, 720",,,
319,379,137,,190,809,217,820,traffic light,,,"569, 408","376, 567","208, 720",,,
320,380,137,,249,593,267,602,traffic light,,,"569, 408","376, 567","208, 720",,,
321,381,137,,189,0,217,14,traffic light,,,"569, 408","376, 567","208, 720",,,
322,382,137,,231,911,267,928,traffic light,,,"569, 408","376, 567","208, 720",,,
323,383,137,,235,890,268,906,traffic light,,,"569, 408","376, 567","208, 720",,,
324,384,137,,244,519,262,527,traffic light,,,"569, 408","376, 567","208, 720",,,
325,385,138,,322,600,434,751,car,,,"575, 420","376, 572","240, 720",,,
326,386,138,,184,814,213,825,traffic light,,,"575, 420","376, 572","240, 720",,,
327,387,138,,242,516,260,525,traffic light,,,"575, 420","376, 572","240, 720",,,
328,388,138,,230,903,264,919,traffic light,,,"575, 420","376, 572","240, 720",,,
329,389,138,,224,923,263,943,traffic light,,,"575, 420","376, 572","240, 720",,,
330,390,138,,247,592,265,601,traffic light,,,"575, 420","376, 572","240, 720",,,
331,391,138,,250,663,269,680,traffic light,,,"575, 420","376, 572","240, 720",,,
332,392,139,,320,598,437,753,car,,,"555, 414","394, 567","240, 720",,,
333,393,139,,181,817,209,830,traffic light,,,"555, 414","394, 567","240, 720",,,
334,394,139,,241,513,260,523,traffic light,,,"555, 414","394, 567","240, 720",,,
335,395,139,,225,911,260,929,traffic light,,,"555, 414","394, 567","240, 720",,,
336,396,139,,246,590,264,599,traffic light,,,"555, 414","394, 567","240, 720",,,
337,397,139,,219,933,260,952,traffic light,,,"555, 414","394, 567","240, 720",,,
338,398,139,,297,752,314,764,traffic light,,,"555, 414","394, 567","240, 720",,,
339,399,139,,249,662,268,679,traffic light,,,"555, 414","394, 567","240, 720",,,
340,400,140,,319,597,440,759,car,,,"537, 425","382, 572","279, 720",,,
341,401,140,,175,822,204,835,traffic light,,,"537, 425","382, 572","279, 720",,,
342,402,140,,244,589,262,598,traffic light,,,"537, 425","382, 572","279, 720",,,
343,403,140,,218,922,255,940,traffic light,,,"537, 425","382, 572","279, 720",,,
344,404,140,,212,945,255,967,traffic light,,,"537, 425","382, 572","279, 720",,,
345,405,140,,239,511,259,520,traffic light,,,"537, 425","382, 572","279, 720",,,
346,406,140,,295,754,314,765,traffic light,,,"537, 425","382, 572","279, 720",,,
347,407,141,,318,595,444,764,car,,,,,,,,
348,408,141,,243,589,261,598,traffic light,,,,,,,,
349,409,141,,206,957,251,979,traffic light,,,,,,,,
350,410,141,,213,933,252,952,traffic light,,,,,,,,
351,411,141,,295,755,314,768,traffic light,,,,,,,,
352,412,142,,241,589,260,598,traffic light,,,"536, 431","382, 578","240, 720",,,
353,413,142,,314,595,449,770,car,,,"536, 431","382, 578","240, 720",,,
354,414,142,,165,833,196,846,traffic light,,,"536, 431","382, 578","240, 720",,,
355,415,142,,206,946,247,966,traffic light,,,"536, 431","382, 578","240, 720",,,
356,416,142,,198,974,245,996,traffic light,,,"536, 431","382, 578","240, 720",,,
357,417,143,0.07258176448412795,315,594,452,775,car,F,757.2494409587817,"538, 425","375, 572","202, 720","717, 420","832, 520","999, 614"
358,418,143,0.07258176448412795,239,588,259,598,traffic light,F,757.2494409587817,"538, 425","375, 572","202, 720","717, 420","832, 520","999, 614"
359,419,143,0.07258176448412795,159,839,191,852,traffic light,F,757.2494409587817,"538, 425","375, 572","202, 720","717, 420","832, 520","999, 614"
360,420,143,0.07258176448412795,192,986,242,1012,traffic light,F,757.2494409587817,"538, 425","375, 572","202, 720","717, 420","832, 520","999, 614"
361,421,143,0.07258176448412795,200,959,242,980,traffic light,F,757.2494409587817,"538, 425","375, 572","202, 720","717, 420","832, 520","999, 614"
362,422,143,0.07258176448412795,346,555,356,576,car,F,757.2494409587817,"538, 425","375, 572","202, 720","717, 420","832, 520","999, 614"
363,423,143,0.07258176448412795,285,66,307,80,traffic light,F,757.2494409587817,"538, 425","375, 572","202, 720","717, 420","832, 520","999, 614"
364,424,143,0.07258176448412795,243,671,263,680,traffic light,F,757.2494409587817,"538, 425","375, 572","202, 720","717, 420","832, 520","999, 614"
365,425,144,,237,588,257,598,traffic light,,,"486, 467","336, 596","183, 720",,,
366,426,144,,312,593,457,784,car,,,"486, 467","336, 596","183, 720",,,
367,427,144,,153,846,186,860,traffic light,,,"486, 467","336, 596","183, 720",,,
368,428,144,,183,1006,236,1034,traffic light,,,"486, 467","336, 596","183, 720",,,
369,429,144,,191,976,236,1000,traffic light,,,"486, 467","336, 596","183, 720",,,
370,430,144,,241,673,260,682,traffic light,,,"486, 467","336, 596","183, 720",,,
371,431,144,,292,764,312,778,traffic light,,,"486, 467","336, 596","183, 720",,,
372,432,145,0.11394863924096646,313,591,461,790,car,F,2449.782220837659,"492, 461","337, 590","182, 720","749, 449","838, 525","999, 614"
373,433,145,0.11394863924096646,235,588,255,598,traffic light,F,2449.782220837659,"492, 461","337, 590","182, 720","749, 449","838, 525","999, 614"
374,434,145,0.11394863924096646,147,852,183,867,traffic light,F,2449.782220837659,"492, 461","337, 590","182, 720","749, 449","838, 525","999, 614"
375,435,145,0.11394863924096646,185,992,232,1017,traffic light,F,2449.782220837659,"492, 461","337, 590","182, 720","749, 449","838, 525","999, 614"
376,436,145,0.11394863924096646,174,1023,229,1052,traffic light,F,2449.782220837659,"492, 461","337, 590","182, 720","749, 449","838, 525","999, 614"
377,437,145,0.11394863924096646,239,673,259,684,traffic light,F,2449.782220837659,"492, 461","337, 590","182, 720","749, 449","838, 525","999, 614"
378,438,145,0.11394863924096646,292,767,310,781,traffic light,F,2449.782220837659,"492, 461","337, 590","182, 720","749, 449","838, 525","999, 614"
379,439,145,0.11394863924096646,285,46,306,60,traffic light,F,2449.782220837659,"492, 461","337, 590","182, 720","749, 449","838, 525","999, 614"
380,440,146,0.05978000856754028,310,590,467,799,car,F,1875.1994190053022,"536, 425","358, 572","182, 720","717, 420","807, 502","999, 614"
381,441,146,0.05978000856754028,163,1048,223,1079,traffic light,F,1875.1994190053022,"536, 425","358, 572","182, 720","717, 420","807, 502","999, 614"
382,442,146,0.05978000856754028,233,588,253,598,traffic light,F,1875.1994190053022,"536, 425","358, 572","182, 720","717, 420","807, 502","999, 614"
383,443,146,0.05978000856754028,229,502,250,512,traffic light,F,1875.1994190053022,"536, 425","358, 572","182, 720","717, 420","807, 502","999, 614"
384,444,146,0.05978000856754028,140,860,177,875,traffic light,F,1875.1994190053022,"536, 425","358, 572","182, 720","717, 420","807, 502","999, 614"
385,445,146,0.05978000856754028,174,1013,224,1041,traffic light,F,1875.1994190053022,"536, 425","358, 572","182, 720","717, 420","807, 502","999, 614"
386,446,146,0.05978000856754028,237,676,257,686,traffic light,F,1875.1994190053022,"536, 425","358, 572","182, 720","717, 420","807, 502","999, 614"
387,447,146,0.05978000856754028,290,769,309,785,traffic light,F,1875.1994190053022,"536, 425","358, 572","182, 720","717, 420","807, 502","999, 614"
388,448,146,0.05978000856754028,345,555,355,579,car,F,1875.1994190053022,"536, 425","358, 572","182, 720","717, 420","807, 502","999, 614"
389,449,146,0.05978000856754028,284,35,306,47,traffic light,F,1875.1994190053022,"536, 425","358, 572","182, 720","717, 420","807, 502","999, 614"
390,450,147,0.049156073535725785,310,589,473,807,car,R,804.5353686725127,"538, 420","358, 572","182, 720","858, 420","794, 502","993, 608"
391,451,147,0.049156073535725785,133,867,171,884,traffic light,R,804.5353686725127,"538, 420","358, 572","182, 720","858, 420","794, 502","993, 608"
392,452,147,0.049156073535725785,154,1067,217,1100,traffic light,R,804.5353686725127,"538, 420","358, 572","182, 720","858, 420","794, 502","993, 608"
393,453,147,0.049156073535725785,232,588,253,598,traffic light,R,804.5353686725127,"538, 420","358, 572","182, 720","858, 420","794, 502","993, 608"
394,454,147,0.049156073535725785,227,501,249,510,traffic light,R,804.5353686725127,"538, 420","358, 572","182, 720","858, 420","794, 502","993, 608"
395,455,147,0.049156073535725785,166,1030,218,1058,traffic light,R,804.5353686725127,"538, 420","358, 572","182, 720","858, 420","794, 502","993, 608"
396,456,147,0.049156073535725785,235,677,255,687,traffic light,R,804.5353686725127,"538, 420","358, 572","182, 720","858, 420","794, 502","993, 608"
397,457,147,0.049156073535725785,343,556,355,579,car,R,804.5353686725127,"538, 420","358, 572","182, 720","858, 420","794, 502","993, 608"
398,458,148,0.0036534983562319825,308,587,478,818,car,R,1315.2502830535916,"548, 420","362, 572","182, 720","768, 420","909, 508","956, 596"
399,459,148,0.0036534983562319825,125,877,164,894,traffic light,R,1315.2502830535916,"548, 420","362, 572","182, 720","768, 420","909, 508","956, 596"
400,460,148,0.0036534983562319825,140,1095,208,1133,traffic light,R,1315.2502830535916,"548, 420","362, 572","182, 720","768, 420","909, 508","956, 596"
401,461,148,0.0036534983562319825,224,498,246,508,traffic light,R,1315.2502830535916,"548, 420","362, 572","182, 720","768, 420","909, 508","956, 596"
402,462,148,0.0036534983562319825,155,1056,210,1086,traffic light,R,1315.2502830535916,"548, 420","362, 572","182, 720","768, 420","909, 508","956, 596"
403,463,148,0.0036534983562319825,231,679,253,689,traffic light,R,1315.2502830535916,"548, 420","362, 572","182, 720","768, 420","909, 508","956, 596"
404,464,148,0.0036534983562319825,224,1057,251,1087,traffic light,R,1315.2502830535916,"548, 420","362, 572","182, 720","768, 420","909, 508","956, 596"
405,465,148,0.0036534983562319825,344,557,355,579,car,R,1315.2502830535916,"548, 420","362, 572","182, 720","768, 420","909, 508","956, 596"
406,466,149,0.0997452070047001,307,585,488,829,car,F,615.989112279591,"535, 431","351, 578","170, 720","768, 420","878, 490","987, 561"
407,467,149,0.0997452070047001,129,1122,200,1161,traffic light,F,615.989112279591,"535, 431","351, 578","170, 720","768, 420","878, 490","987, 561"
408,468,149,0.0997452070047001,118,885,159,902,traffic light,F,615.989112279591,"535, 431","351, 578","170, 720","768, 420","878, 490","987, 561"
409,469,149,0.0997452070047001,144,1078,202,1110,traffic light,F,615.989112279591,"535, 431","351, 578","170, 720","768, 420","878, 490","987, 561"
410,470,149,0.0997452070047001,222,497,245,508,traffic light,F,615.989112279591,"535, 431","351, 578","170, 720","768, 420","878, 490","987, 561"
411,471,149,0.0997452070047001,231,681,252,690,traffic light,F,615.989112279591,"535, 431","351, 578","170, 720","768, 420","878, 490","987, 561"
412,472,149,0.0997452070047001,217,1078,248,1113,traffic light,F,615.989112279591,"535, 431","351, 578","170, 720","768, 420","878, 490","987, 561"
413,473,149,0.0997452070047001,227,588,250,598,traffic light,F,615.989112279591,"535, 431","351, 578","170, 720","768, 420","878, 490","987, 561"
414,474,149,0.0997452070047001,287,780,309,795,traffic light,F,615.989112279591,"535, 431","351, 578","170, 720","768, 420","878, 490","987, 561"
415,475,149,0.0997452070047001,344,557,355,580,car,F,615.989112279591,"535, 431","351, 578","170, 720","768, 420","878, 490","987, 561"
416,476,150,0.11327677951422617,304,582,498,846,car,R,219.79822285473864,"485, 467","332, 596","189, 720","819, 455","846, 537","987, 614"
417,477,150,0.11327677951422617,107,898,151,917,traffic light,R,219.79822285473864,"485, 467","332, 596","189, 720","819, 455","846, 537","987, 614"
418,478,150,0.11327677951422617,126,1119,189,1154,traffic light,R,219.79822285473864,"485, 467","332, 596","189, 720","819, 455","846, 537","987, 614"
419,479,150,0.11327677951422617,107,1170,185,1214,traffic light,R,219.79822285473864,"485, 467","332, 596","189, 720","819, 455","846, 537","987, 614"
420,480,150,0.11327677951422617,225,589,247,599,traffic light,R,219.79822285473864,"485, 467","332, 596","189, 720","819, 455","846, 537","987, 614"
421,481,150,0.11327677951422617,219,494,242,505,traffic light,R,219.79822285473864,"485, 467","332, 596","189, 720","819, 455","846, 537","987, 614"
422,482,150,0.11327677951422617,227,682,250,694,traffic light,R,219.79822285473864,"485, 467","332, 596","189, 720","819, 455","846, 537","987, 614"
423,483,150,0.11327677951422617,286,786,307,801,traffic light,R,219.79822285473864,"485, 467","332, 596","189, 720","819, 455","846, 537","987, 614"
424,484,151,0.19275745080977527,303,580,504,854,car,R,263.18359017733536,"472, 484","342, 602","202, 720","865, 478","871, 549","999, 620"
425,485,151,0.19275745080977527,226,683,249,695,traffic light,R,263.18359017733536,"472, 484","342, 602","202, 720","865, 478","871, 549","999, 620"
426,486,151,0.19275745080977527,218,493,242,503,traffic light,R,263.18359017733536,"472, 484","342, 602","202, 720","865, 478","871, 549","999, 620"
427,487,151,0.19275745080977527,103,904,147,923,traffic light,R,263.18359017733536,"472, 484","342, 602","202, 720","865, 478","871, 549","999, 620"
428,488,151,0.19275745080977527,223,589,245,599,traffic light,R,263.18359017733536,"472, 484","342, 602","202, 720","865, 478","871, 549","999, 620"
429,489,151,0.19275745080977527,118,1137,183,1176,traffic light,R,263.18359017733536,"472, 484","342, 602","202, 720","865, 478","871, 549","999, 620"
430,490,151,0.19275745080977527,98,1191,180,1239,traffic light,R,263.18359017733536,"472, 484","342, 602","202, 720","865, 478","871, 549","999, 620"
431,491,152,,301,576,526,879,car,,,"485, 478","343, 602","235, 720",,,
432,492,152,,220,587,243,599,traffic light,,,"485, 478","343, 602","235, 720",,,
433,493,152,,215,489,239,501,traffic light,,,"485, 478","343, 602","235, 720",,,
434,494,152,,95,1189,167,1234,traffic light,,,"485, 478","343, 602","235, 720",,,
435,495,152,,89,920,138,940,traffic light,,,"485, 478","343, 602","235, 720",,,
436,496,152,,224,686,247,698,traffic light,,,"485, 478","343, 602","235, 720",,,
437,497,152,,76,1255,164,1278,traffic light,,,"485, 478","343, 602","235, 720",,,
438,498,153,,299,574,528,896,car,,,,,,,,
439,499,153,,77,1228,154,1274,traffic light,,,,,,,,
440,500,153,,218,587,242,599,traffic light,,,,,,,,
441,501,153,,81,930,130,952,traffic light,,,,,,,,
442,502,153,,214,488,239,500,traffic light,,,,,,,,
443,503,153,,223,688,246,700,traffic light,,,,,,,,
444,504,154,,296,569,529,923,car,,,"767, 425","357, 602","260, 720",,,
445,505,154,,70,945,121,968,traffic light,,,"767, 425","357, 602","260, 720",,,
446,506,154,,217,587,241,598,traffic light,,,"767, 425","357, 602","260, 720",,,
447,507,154,,211,485,237,496,traffic light,,,"767, 425","357, 602","260, 720",,,
448,508,154,,219,689,244,701,traffic light,,,"767, 425","357, 602","260, 720",,,
449,509,155,,291,565,528,949,car,,,"556, 414","446, 537","286, 708",,,
450,510,155,,214,587,239,598,traffic light,,,"556, 414","446, 537","286, 708",,,
451,511,155,,59,957,114,980,traffic light,,,"556, 414","446, 537","286, 708",,,
452,512,155,,209,483,235,495,traffic light,,,"556, 414","446, 537","286, 708",,,
453,513,155,,218,691,242,703,traffic light,,,"556, 414","446, 537","286, 708",,,
454,514,156,,288,558,532,989,car,,,,,,,,
455,515,156,,211,587,236,599,traffic light,,,,,,,,
456,516,156,,46,975,104,999,traffic light,,,,,,,,
457,517,156,,206,480,232,492,traffic light,,,,,,,,
458,518,156,,215,694,240,705,traffic light,,,,,,,,
459,519,157,,281,553,536,1028,car,,,,,,,,
460,520,157,,209,587,235,599,traffic light,,,,,,,,
461,521,157,,32,988,94,1015,traffic light,,,,,,,,
462,522,157,,203,477,230,490,traffic light,,,,,,,,
463,523,157,,522,33,681,1279,car,,,,,,,,
464,524,158,,270,541,556,1116,car,,,,,,,,
465,525,158,,200,473,227,486,traffic light,,,,,,,,
466,526,158,,205,585,232,597,traffic light,,,,,,,,
467,527,158,,15,1014,73,1043,traffic light,,,,,,,,
468,528,158,,524,19,681,1278,car,,,,,,,,
469,529,158,,207,698,235,712,traffic light,,,,,,,,
470,530,158,,269,1000,354,1278,train,,,,,,,,
471,531,159,,261,523,576,1190,car,,,,,,,,
472,532,159,,202,585,230,598,traffic light,,,,,,,,
473,533,159,,196,470,225,483,traffic light,,,,,,,,
474,534,159,,205,700,233,713,traffic light,,,,,,,,
475,535,159,,524,12,681,1278,car,,,,,,,,
476,536,159,,14,1031,62,1065,traffic light,,,,,,,,
477,537,160,,195,579,224,593,traffic light,,,,,,,,
478,538,160,,190,461,220,474,traffic light,,,,,,,,
479,539,160,,267,1082,377,1278,train,,,,,,,,
480,540,160,,235,451,592,1273,car,,,,,,,,
481,541,160,,522,6,683,1276,car,,,,,,,,
482,542,161,,186,457,216,471,traffic light,,,,,,,,
483,543,161,,192,577,221,591,traffic light,,,,,,,,
484,544,161,,213,486,606,1278,car,,,,,,,,
485,545,161,,197,699,226,712,traffic light,,,,,,,,
486,546,162,,191,575,221,589,traffic light,,,,,,,,
487,547,162,,182,451,214,465,traffic light,,,,,,,,
488,548,162,,198,699,228,712,traffic light,,,,,,,,
489,549,162,,214,486,594,1279,car,,,,,,,,
490,550,163,,184,449,215,463,traffic light,,,,,,,,
491,551,163,,193,574,223,588,traffic light,,,,,,,,
492,552,163,,226,495,587,1279,car,,,,,,,,
493,553,163,,202,699,232,712,traffic light,,,,,,,,
494,554,164,,197,443,229,458,traffic light,,,,,,,,
495,555,164,,207,571,237,585,traffic light,,,,,,,,
496,556,164,,228,27,680,1276,car,,,,,,,,
497,557,165,,210,571,241,586,traffic light,,,,,,,,
498,558,165,,200,442,232,457,traffic light,,,,,,,,
499,559,165,,219,698,249,712,traffic light,,,,,,,,
500,560,165,,233,47,679,1276,car,,,,,,,,
501,561,166,,222,701,253,714,traffic light,,,,,,,,
502,562,166,,214,570,245,585,traffic light,,,,,,,,
503,563,166,,204,439,237,454,traffic light,,,,,,,,
504,564,166,,383,550,393,571,car,,,,,,,,
505,565,167,,212,570,243,585,traffic light,,,,,,,,
506,566,167,,202,438,235,453,traffic light,,,,,,,,
507,567,167,,221,703,245,717,traffic light,,,,,,,,
508,568,167,,384,554,394,572,car,,,,,,,,
509,569,168,,196,434,230,450,traffic light,,,,,,,,
510,570,168,,204,570,237,586,traffic light,,,,,,,,
511,571,168,,158,130,680,1278,truck,,,,,,,,
512,572,169,,190,433,224,448,traffic light,,,,,,,,
513,573,169,,197,569,230,585,traffic light,,,,,,,,
514,574,169,,122,127,680,1279,truck,,,,,,,,
515,575,170,,181,429,216,444,traffic light,,,,,,,,
516,576,170,,188,569,223,584,traffic light,,,,,,,,
517,577,170,,87,124,677,1278,truck,,,,,,,,
518,578,171,,174,425,210,441,traffic light,,,,,,,,
519,579,171,,60,121,678,1279,truck,,,,,,,,
520,580,171,,181,569,216,584,traffic light,,,,,,,,
521,581,172,,167,423,203,439,traffic light,,,,,,,,
522,582,172,,49,139,679,1278,truck,,,,,,,,
523,583,172,,175,569,210,585,traffic light,,,,,,,,
524,584,172,,193,715,217,729,traffic light,,,,,,,,
525,585,173,,160,419,198,436,traffic light,,,,,,,,
526,586,173,,178,716,214,732,traffic light,,,,,,,,
527,587,173,,169,569,206,584,traffic light,,,,,,,,
528,588,173,,41,135,680,1278,truck,,,,,,,,
529,589,174,,151,413,190,430,traffic light,,,,,,,,
530,590,174,,161,565,199,581,traffic light,,,,,,,,
531,591,174,,168,714,205,734,traffic light,,,,,,,,
532,592,174,,32,107,681,1279,truck,,,,,,,,
533,593,174,,361,557,371,577,car,,,,,,,,
534,594,175,,146,409,185,427,traffic light,,,,,,,,
535,595,175,,156,563,195,580,traffic light,,,,,,,,
536,596,175,,28,125,680,1278,truck,,,,,,,,
537,597,175,,359,555,369,577,car,,,,,,,,
538,598,175,,166,713,201,733,traffic light,,,,,,,,
539,599,176,,132,401,173,419,traffic light,,,,,,,,
540,600,176,,143,561,183,578,traffic light,,,,,,,,
541,601,177,,126,399,166,416,traffic light,,,,,,,,
542,602,177,,137,560,177,578,traffic light,,,,,,,,
543,603,177,,17,486,602,1278,truck,,,,,,,,
544,604,177,,350,553,359,574,car,,,,,,,,
545,605,178,,117,395,159,414,traffic light,,,,,,,,
546,606,178,,129,559,170,577,traffic light,,,,,,,,
547,607,178,,14,493,585,1279,truck,,,,,,,,
548,608,179,,107,389,150,408,traffic light,,,,,,,,
549,609,179,,119,557,161,576,traffic light,,,,,,,,
550,610,179,,15,501,596,1280,truck,,,,,,,,
551,611,180,,15,521,602,1279,truck,,,,,,,,
552,612,180,,96,384,140,403,traffic light,,,,,,,,
553,613,180,,107,556,151,574,traffic light,,,,,,,,
554,614,181,,103,555,146,574,traffic light,,,,,,,,
555,615,181,,89,381,134,400,traffic light,,,,,,,,
556,616,181,,20,529,602,1279,truck,,,,,,,,
557,617,181,,334,559,343,574,car,,,,,,,,
558,618,182,,80,376,127,396,traffic light,,,,,,,,
559,619,182,,93,553,138,572,traffic light,,,,,,,,
560,620,182,,38,547,593,1279,truck,,,,,,,,
561,621,183,,90,552,136,572,traffic light,,,,,,,,
562,622,183,,77,373,124,393,traffic light,,,,,,,,
563,623,183,,48,552,596,1279,truck,,,,,,,,
564,624,184,,73,370,121,391,traffic light,,,,,,,,
565,625,184,,86,552,133,572,traffic light,,,,,,,,
566,626,184,,97,734,131,752,traffic light,,,,,,,,
567,627,184,,74,567,602,1278,truck,,,,,,,,
568,628,185,,72,368,120,389,traffic light,,,,,,,,
569,629,185,,85,552,133,572,traffic light,,,,,,,,
570,630,185,,96,734,139,753,traffic light,,,,,,,,
571,631,185,,102,578,599,1278,car,,,,,,,,
572,632,186,,73,367,122,388,traffic light,,,,,,,,
573,633,186,,97,736,143,756,traffic light,,,,,,,,
574,634,186,,85,552,133,573,traffic light,,,,,,,,
575,635,186,,139,591,593,1278,car,,,,,,,,
576,636,187,,74,366,123,387,traffic light,,,,,,,,
577,637,187,,87,552,135,573,traffic light,,,,,,,,
578,638,187,,98,737,144,757,traffic light,,,,,,,,
579,639,187,,168,600,600,1279,car,,,,,,,,
580,640,188,,89,552,137,573,traffic light,,,,,,,,
581,641,188,,77,363,126,385,traffic light,,,,,,,,
582,642,188,,100,739,145,759,traffic light,,,,,,,,
583,643,188,,181,610,588,1279,car,,,,,,,,
584,644,189,,91,552,140,573,traffic light,,,,,,,,
585,645,189,,79,361,129,383,traffic light,,,,,,,,
586,646,189,,102,741,147,760,traffic light,,,,,,,,
587,647,190,,92,551,141,572,traffic light,,,"587, 384","427, 555","260, 720",,,
588,648,190,,80,359,130,381,traffic light,,,"587, 384","427, 555","260, 720",,,
589,649,190,,102,741,148,762,traffic light,,,"587, 384","427, 555","260, 720",,,
590,650,190,,348,557,357,579,car,,,"587, 384","427, 555","260, 720",,,
591,651,191,,80,356,130,378,traffic light,,,"577, 396","407, 578","254, 720",,,
592,652,191,,92,551,141,572,traffic light,,,"577, 396","407, 578","254, 720",,,
593,653,191,,101,742,147,763,traffic light,,,"577, 396","407, 578","254, 720",,,
594,654,192,0.24205583400197084,79,353,129,376,traffic light,F,3129.6938937622053,"595, 378","439, 549","266, 720","684, 378","871, 514","999, 590"
595,655,192,0.24205583400197084,91,550,141,571,traffic light,F,3129.6938937622053,"595, 378","439, 549","266, 720","684, 378","871, 514","999, 590"
596,656,192,0.24205583400197084,100,743,146,765,traffic light,F,3129.6938937622053,"595, 378","439, 549","266, 720","684, 378","871, 514","999, 590"
597,657,193,0.2412689203347813,77,352,127,374,traffic light,F,6821.081792087874,"601, 372","439, 549","260, 720","666, 372","833, 484","999, 590"
598,658,193,0.2412689203347813,89,549,140,571,traffic light,F,6821.081792087874,"601, 372","439, 549","260, 720","666, 372","833, 484","999, 590"
599,659,193,0.2412689203347813,99,744,146,765,traffic light,F,6821.081792087874,"601, 372","439, 549","260, 720","666, 372","833, 484","999, 590"
600,660,194,0.2478088819979623,86,549,137,570,traffic light,F,4310.326491455352,"596, 378","438, 549","260, 720","672, 378","833, 484","999, 590"
601,661,194,0.2478088819979623,74,348,125,371,traffic light,F,4310.326491455352,"596, 378","438, 549","260, 720","672, 378","833, 484","999, 590"
602,662,194,0.2478088819979623,97,746,145,767,traffic light,F,4310.326491455352,"596, 378","438, 549","260, 720","672, 378","833, 484","999, 590"
603,663,194,0.2478088819979623,352,557,361,579,car,F,4310.326491455352,"596, 378","438, 549","260, 720","672, 378","833, 484","999, 590"
604,664,195,,84,548,135,570,traffic light,,,"594, 384","429, 555","260, 720",,,
605,665,195,,72,345,124,369,traffic light,,,"594, 384","429, 555","260, 720",,,
606,666,195,,95,747,143,769,traffic light,,,"594, 384","429, 555","260, 720",,,
607,667,196,0.2828237742152696,80,547,132,570,traffic light,F,2209.0851746966773,"593, 384","432, 555","261, 720","672, 378","852, 484","999, 590"
608,668,196,0.2828237742152696,67,342,121,366,traffic light,F,2209.0851746966773,"593, 384","432, 555","261, 720","672, 378","852, 484","999, 590"
609,669,196,0.2828237742152696,91,748,142,770,traffic light,F,2209.0851746966773,"593, 384","432, 555","261, 720","672, 378","852, 484","999, 590"
610,670,197,0.2788733741448742,77,547,130,569,traffic light,F,2449.152701693311,"593, 384","429, 555","260, 720","692, 384","853, 484","999, 590"
611,671,197,0.2788733741448742,88,750,139,772,traffic light,F,2449.152701693311,"593, 384","429, 555","260, 720","692, 384","853, 484","999, 590"
612,672,197,0.2788733741448742,64,339,118,363,traffic light,F,2449.152701693311,"593, 384","429, 555","260, 720","692, 384","853, 484","999, 590"
613,673,197,0.2788733741448742,228,661,581,1279,car,F,2449.152701693311,"593, 384","429, 555","260, 720","692, 384","853, 484","999, 590"
614,674,198,0.28641671927889395,72,546,125,568,traffic light,F,2888.6189751657944,"597, 378","439, 549","278, 720","685, 378","852, 484","999, 590"
615,675,198,0.28641671927889395,59,335,115,360,traffic light,F,2888.6189751657944,"597, 378","439, 549","278, 720","685, 378","852, 484","999, 590"
616,676,198,0.28641671927889395,84,753,135,775,traffic light,F,2888.6189751657944,"597, 378","439, 549","278, 720","685, 378","852, 484","999, 590"
617,677,198,0.28641671927889395,227,666,586,1278,car,F,2888.6189751657944,"597, 378","439, 549","278, 720","685, 378","852, 484","999, 590"
